INSERT INTO users(first_name, last_name, phone, email) VALUES
('Александр', 'Иванов', '+375291111111', '1_sometext@mail.ru'),
('Дмитрий', 'Смирнов', '+375291111112', '2_sometext@mail.ru'),
('Максим', 'Кузнецов', '+375291111113', '3_sometext@mail.ru'),
('Сергей', 'Попов', '+375291111114', '4_sometext@mail.ru'),
('Андрей', 'Васильев', '+375291111115', '5_sometext@mail.ru'),
('Алексей', 'Петров', '+375291111116', '6_sometext@mail.ru'),
('Артём', 'Соколов', '+375291111117', '7_sometext@mail.ru'),
('Илья', 'Михайлов', '+375291111118', '8_sometext@mail.ru'),
('Кирилл', 'Новиков', '+375291111119', '9_sometext@mail.ru'),
('Михаил', 'Федоров', '+375291111120', '10_sometext@mail.ru'),
('Никита', 'Морозов', '+375291111121', '11_sometext@mail.ru'),
('Матвей', 'Волков', '+375291111122', '12_sometext@mail.ru'),
('Роман', 'Алексеев', '+375291111123', '13_sometext@mail.ru'),
('Егор', 'Лебедев', '+375291111124', '14_sometext@mail.ru'),
('Арсений', 'Семенов', '+375291111125', '15_sometext@mail.ru'),
('Иван', 'Егоров', '+375291111126', '16_sometext@mail.ru'),
('Денис', 'Павлов', '+375291111127', '17_sometext@mail.ru'),
('Евгений', 'Козлов', '+375291111128', '18_sometext@mail.ru'),
('Даниил', 'Степанов', '+375291111129', '19_sometext@mail.ru'),
('Тимофей', 'Николаев', '+375291111130', '20_sometext@mail.ru'),
('Владислав', 'Орлов', '+375291111131', '21_sometext@mail.ru'),
('Игорь', 'Андреев', '+375291111132', '22_sometext@mail.ru'),
('Владимир', 'Макаров', '+375291111133', '23_sometext@mail.ru'),
('Павел', 'Никитин', '+375291111134', '24_sometext@mail.ru'),
('Николай', 'Захаров', '+375291111135', '25_sometext@mail.ru'),
('Вячеслав', 'Гнидин', '+375291111136', '26_sometext@mail.ru'),
('Витольд', 'Быдловатов', '+375291111137', '27_sometext@mail.ru'),
('Аркадий', 'Проволоцкий', '+375291111138', '28_sometext@mail.ru'),
('Николай', 'Захаров', '+375291111139', '29_sometext@mail.ru'),
('Артём', 'Демьянцев', '+375291111140', '30_sometext@mail.ru'),
('Георгий', 'Миронов', '+375291111141', '31_sometext@mail.ru'),
('Владимир', 'Иванов', '+375291111142', '32_sometext@mail.ru'),
('Вадим', 'Владымцев', '+375291111143', '33_sometext@mail.ru'),
('Павел', 'Дубинин', '+375291111144', '34_sometext@mail.ru'),
('Станислав', 'Иванов', '+375291111145', '35_sometext@mail.ru'),
('Роман', 'Петров', '+375291111146', '36_sometext@mail.ru'),
('Гришка', 'Сидоров', '+375291111147', '37_sometext@mail.ru');



INSERT INTO customers(user_id, address) VALUES
(1, 'address 1'),
(2, 'address 2'),
(3, 'address 3'),
(4, 'address 4'),
(5, 'address 5'),
(6, 'address 6'),
(7, 'address 7'),
(8, 'address 8'),
(9, 'address 9'),
(10, 'address 10'),
(11, 'address 11'),
(12, 'address 12'),
(13, 'address 13'),
(14, 'address 14'),
(15, 'address 15'),
(16, 'address 16'),
(17, 'address 17'),
(18, 'address 18'),
(19, 'address 19'),
(20, 'address 20'),
(21, 'address 21');



INSERT INTO suppliers(org_name, address, email, phone) VALUES
('Аспект-Бел', 'г. Минск ул. Сырокомли 7, ком 311', 'viarenich.j@uchitel.by', '+375293140140'),
('Букинист', 'г. Могилев, Пушкинский пр-т, 38', 'bookinist@mail.ru', '+375293140141'),
('Supplier 3', 'г. Минск, ул.Дзержинского 45', 'supplier@mail.ru', '+375293140142')


INSERT INTO publishers(org_name, address, country, email, phone) VALUES
('Аверсэв', 'г. Минск, ул. Олешева, д. 1, офис 309', 'Беларусь', 'info@aversev.by', '+375336343910'),
('Адукацыя і выхаванне', 'г. Минск, ул. Будённого, 21 ', 'Беларусь', 'aiv@aiv.by', '+375172579149'),
('Беларусь', 'г. Минск,  проспект Победителей, д.11 этаж 7, офис 702', 'Беларусь', 'belarus@izdatelstvo.by', '+375172038742'),
('Вышэйшая школа', 'г.Минск, ул. Коржа, 11а', 'Беларусь', 'sekretar@vshph.com', '+375172037008')


INSERT INTO shops(address, phone) VALUES
('г. Минск, пр-т. Победителей 3', '+375336952511'),
('г. Минск, пр. Независимости 92', '+375336952512'),
('г. Минск, пр. Независимости 39', '+375336952513'),
('г. Минск, ул. Сурганова 21', '+375336952514'),
('г. Минск, ул. В. Хоружей 17', '+375336952515'),
('г. Минск, ул. Могилёвская 5Б', '+375336952516'),
('г. Минск, пр-т. Дзержинского 122', '+375336952517'),
('г. Минск, пр-т. Партизанский 109', '+375336952518'),
('г. Минск, ул. Притыцкого 83', '+375336952519'),
('г. Минск, ул. Притыцкого 97', '+375336952520'),
('г. Минск, пр-т. Дзержинского 19', '+375336952521')


INSERT INTO positions(position_name) VALUES
('Продавец'),
('Менеджер'),
('Администратор'),
('Уборщик'),
('Бухгалтер'),
('Заведующий');


INSERT INTO logging(log_message, user_id) VALUES
('Заказ книги "Десять негритят" Агата Кристи', 2),
('Отмена заказа книги "Война и мир"', 5),
('Поиск книги жанра "триллер"', 20),
('5 звёзд книге "Горе от ума"', 14),
('Заказ книги "Пассажиры" Джон Маррс', 8),
('Поиск книги жанра "ужасы"', 5);


INSERT INTO employees(user_id, birth_date, address, position_id, salary, shop_id) VALUES
(25, '1981-10-13', 'г.Минск, ул.Дзержинского 53, кв.23', 1, 1200, 1),
(26, '1982-4-22', 'г.Минск, ул. Ложинская 14, кв.6', 2, 1600, 2),
(27, '1983-7-7', 'г.Минск, ул.Речная 61, кв.39', 3, 1800, 3),
(28, '1984-2-9', 'г.Минск, ул.Городецкая 17, кв.73', 4, 900, 4),
(30, '1985-5-10', 'г.Минск, ул.Шугаева 12, кв.54', 5, 1550, 5),
(31, '1981-12-3', 'г.Минск, ул.Дзержинского 163, кв.72', 6, 2100, 6),
(32, '1982-11-8', 'г.Минск, ул.Дзержинского 115, кв.123', 1, 1250, 7),
(33, '1983-9-9', 'г.Минск, ул.Кедышко 7, кв.18', 1, 1300, 8),
(34, '1984-7-12', 'г.Минск, ул.Филимонова 69, кв.42', 2, 1200, 9),
(35, '1985-2-7', 'г.Минск, ул.Кутузова 25, кв.64', 1, 1100, 10),
(36, '1986-5-4', 'г.Минск, ул.Речная 6, кв.36', 4, 800, 11),
(37, '1981-7-8', 'г.Минск, ул.Ложинская 10, кв.15', 1, 1450, 1),
(38, '1982-10-13', 'г.Минск, ул.Псковская 8, кв.1', 2, 1200, 2);


INSERT INTO genres(genre) VALUES
('Триллер'),
('Ужасы'),
('Любовный роман'),
('Боевик'),
('Психология'),
('Наука'),
('Детектив');


INSERT INTO authors(user_id, author_alias) VALUES
(22, 'Быдло'),
(23, 'Серёга песенник'),
(24, 'Генерал поэтэсса');


INSERT INTO orders(create_date, deliver_date, customer_id) VALUES
('2022-10-25', '2022-10-27', 1),
('2022-11-06', '2022-11-07', 2),
('2022-03-10', '2022-03-11', 3),
('2022-04-11', '2022-04-11', 4),
('2022-06-04', '2022-06-09', 5),
('2022-02-02', '2022-02-04', 6),
('2022-10-23', '2022-10-26', 7),
('2022-03-25', '2022-03-26', 8),
('2022-07-08', '2022-07-09', 9),
('2022-09-23', '2022-09-25', 10),
('2022-07-07', '2022-07-09', 11),
('2022-03-08', '2022-03-11', 12),
('2022-04-06', '2022-04-13', 13),
('2022-08-12', '2022-08-15', 14),
('2022-10-11', '2022-10-12', 15),
('2022-10-11', '2022-10-15', 16),
('2022-06-21', '2022-06-22', 17),
('2022-06-03', '2022-06-05', 18),
('2022-02-18', '2022-02-20', 19),
('2022-02-24', '2022-02-25', 20),
('2022-11-07', '2022-11-10', 21),
('2022-06-23', '2022-06-29', 1),
('2022-02-28', '2022-03-01', 2),
('2022-09-22', '2022-09-24', 3),
('2022-02-16', '2022-02-16', 4),
('2022-10-11', '2022-10-18', 5),
('2022-09-05', '2022-09-09', 6),
('2022-01-18', '2022-01-20', 7),
('2022-08-01', '2022-08-3', 8),
('2022-11-13', '2022-11-13', 9);


INSERT INTO orders(create_date, customer_id) VALUES
('2022-11-14', 1),
('2022-11-17', 2),
('2022-11-18', 3),
('2022-11-16', 4),
('2022-11-19', 5),
('2022-11-21', 6),
('2022-11-24', 7),
('2022-11-19', 8),
('2022-11-20', 9),
('2022-11-23', 10),
('2022-11-22', 11),
('2022-11-21', 12),
('2022-11-24', 13),
('2022-11-19', 14),
('2022-11-21', 15),
('2022-11-24', 16),
('2022-11-22', 17),
('2022-11-18', 18),
('2022-11-21', 19);


INSERT INTO books(title, production_date, price, order_id, publisher_id, supplier_id) VALUES
('Бог разрушения', '1970-03-11', 18.23, 1, 1, 1),
('Раб славы', '1992-01-31', 18.48, 2, 2, 2),
('Охотники леса', '2000-08-14', 29.83, 3, 3, 3),
('Армии Севера', '1977-01-29', 46.43, 4, 4, 1),
('Совы и солдаты', '1980-01-19', 8.56, 5, 1, 2),
('Пришельцы и враги', '1982-09-28', 60.75, 6, 2, 3),
('Союз Славы', '1983-06-17', 22.07, 7, 3, 1),
('Восстань без чести', '1999-07-24', 5.60, 8, 4, 2),
('Полет в город', '2000-09-15', 15.10, 9, 1, 3),
('Помощь в подземельях Ангел затмения', '1987-05-24', 54.46, 10, 2, 1),
('Черепаха надежды', '2020-01-26', 63.21, 11, 3, 2),
('Друиды Неба', '1980-08-13', 64.62, 12, 4, 3),
('Черепахи удачи', '2005-02-05', 97.46, 13, 1, 1),
('Шаманы и вампиры', '1989-02-17', 74.35, 14, 2, 2),
('Совы и зомби', '2011-05-14', 51.32, 15, 3, 3),
('Луна без славы', '1990-08-18', 16.82, 16, 4, 1),
('Цель желания', '1997-12-31', 51.32, 17, 1, 2),
('Жизнь в нации', '1983-07-29', 77.32, 18, 2, 3),
('Признаки', '1984-12-19', 83.97, 19, 3, 1),
('Magic Defender', '1991-06-09', 75.74, 20, 4, 2),
('Офицер аварии', '2007-08-03', 16.82, 21, 1, 3),
('Офицеры времени', '2019-09-19', 81.73, 22, 2, 1),
('Убийцы будущего', '1983-10-13', 80.21, 23, 3, 2),
('Гости и стражи', '1995-02-09', 37.10, 24, 4, 1),
('Звери и убийцы', '1973-05-19', 14.43, 25, 1, 2),
('Возрождение Запределья', '1987-12-27', 91.18, 26, 2, 3),
('Будущее звездной пыли', '2000-02-02', 24.64, 27, 3, 1)


INSERT INTO books(title, production_date, price, publisher_id, supplier_id) VALUES
('Замаскированный в моем путешествии', '2000-02-02', 80.78, 1, 1),
('Восхищение', '1987-12-27', 94.21, 2, 2),
('Void Invader Of Our Legacy', '1987-12-27', 62.49, 3, 3),
('Агент Орбиты', '1987-12-27', 94.04, 4, 1),
('Мальчики в прошлом', '1987-12-27', 66.75, 1, 2),
('Ветераны нашей культуры', '1987-12-27', 79.30, 2, 3),
('Дети и охотники', '1987-12-27', 85.75, 3, 1),
('Друзья и солдаты', '1987-12-27', 95.69, 4, 2),
('Резьба дроидов', '1987-12-27', 66.98, 1, 3),
('Руины нашей судьбы', '1987-12-27', 78.62, 2, 1),
('Мать моего андроида-слуги', '1987-12-27', 86.23, 3, 2),
('Опыт в туманах', '1987-12-27', 65.51, 4, 3),
('Люди науки', '1987-12-27', 90.23, 2, 1),
('Древние десятилетия', '1987-12-27', 87.88, 1, 2),
('Древние озера', '1987-12-27', 87.13, 2, 3),
('Ракообразные с навыками', '1987-12-27', 64.05, 3, 1)