INSERT INTO users(first_name, last_name, phone, email) VALUES
('Александр', 'Иванов', '+375291111111', '1_sometext@mail.ru'),
('Дмитрий', 'Смирнов', '+375291111112', '2_sometext@mail.ru'),
('Максим', 'Кузнецов', '+375291111113', '3_sometext@mail.ru'),
('Сергей', 'Попов', '+375291111114', '4_sometext@mail.ru'),
('Андрей', 'Васильев', '+375291111115', '5_sometext@mail.ru'),
('Алексей', 'Петров', '+375291111116', '6_sometext@mail.ru'),
('Артём', 'Соколов', '+375291111117', '7_sometext@mail.ru'),
('Илья', 'Михайлов', '+375291111118', '8_sometext@mail.ru'),
('Кирилл', 'Новиков', '+375291111119', '9_sometext@mail.ru'),
('Михаил', 'Федоров', '+375291111120', '10_sometext@mail.ru'),
('Никита', 'Морозов', '+375291111121', '10_sometext@mail.ru'),
('Матвей', 'Волков', '+375291111122', '11_sometext@mail.ru'),
('Роман', 'Алексеев', '+375291111123', '12_sometext@mail.ru'),
('Егор', 'Лебедев', '+375291111124', '13_sometext@mail.ru'),
('Арсений', 'Семенов', '+375291111125', '14_sometext@mail.ru'),
('Иван', 'Егоров', '+375291111126', '15_sometext@mail.ru'),
('Денис', 'Павлов', '+375291111127', '16_sometext@mail.ru'),
('Евгений', 'Козлов', '+375291111128', '17_sometext@mail.ru'),
('Даниил', 'Степанов', '+375291111129', '18_sometext@mail.ru'),
('Тимофей', 'Николаев', '+375291111130', '19_sometext@mail.ru'),
('Владислав', 'Орлов', '+375291111131', '20_sometext@mail.ru'),
('Игорь', 'Андреев', '+375291111132', '21_sometext@mail.ru'),
('Владимир', 'Макаров', '+375291111133', '22_sometext@mail.ru'),
('Павел', 'Никитин', '+375291111134', '23_sometext@mail.ru'),
('Николай', 'Захаров', '+375291111135', '24_sometext@mail.ru'),
('Вячеслав', 'Гнидин', '+375291111136', '25_sometext@mail.ru'),
('Витольд', 'Быдловатов', '+375291111137', '26_sometext@mail.ru'),
('Аркадий', 'Проволоцкий', '+375291111138', '27_sometext@mail.ru'),
('Николай', 'Захаров', '+375291111139', '28_sometext@mail.ru'),
('Артём', 'Демьянцев', '+375291111140', '29_sometext@mail.ru'),
('Георгий', 'Миронов', '+375291111141', '30_sometext@mail.ru'),
('Владимир', 'Иванов', '+375291111142', '31_sometext@mail.ru'),
('Вадим', 'Владымцев', '+375291111143', '32_sometext@mail.ru'),
('Павел', 'Дубинин', '+375291111144', '33_sometext@mail.ru'),
('Станислав', 'Иванов', '+375291111145', '34_sometext@mail.ru'),
('Роман', 'Петров', '+375291111146', '35_sometext@mail.ru'),
('Гришка', 'Сидоров', '+375291111147', '36_sometext@mail.ru');



INSERT INTO customers(user_id, address) VALUES
(1, 'address 1'),
(2, 'address 2'),
(3, 'address 3'),
(4, 'address 4'),
(5, 'address 5'),
(6, 'address 6'),
(7, 'address 7'),
(8, 'address 8'),
(9, 'address 9'),
(10, 'address 10'),
(11, 'address 11'),
(12, 'address 12'),
(13, 'address 13'),
(14, 'address 14'),
(15, 'address 15'),
(16, 'address 16'),
(17, 'address 17'),
(18, 'address 18'),
(19, 'address 19'),
(20, 'address 20'),
(21, 'address 21');



INSERT INTO suppliers(org_name, address, email, phone) VALUES
('Аспект-Бел', 'г. Минск ул. Сырокомли 7, ком 311', 'viarenich.j@uchitel.by', '+375293140140'),
('Букинист', 'г. Могилев, Пушкинский пр-т, 38', 'bookinist@mail.ru', '+375222425811')


INSERT INTO publishers(org_name, address, country, email, phone) VALUES
('Аверсэв', 'г. Минск, ул. Олешева, д. 1, офис 309', 'Беларусь', 'info@aversev.by', '+375336343910'),
('Адукацыя і выхаванне', 'г. Минск, ул. Будённого, 21 ', 'Беларусь', 'aiv@aiv.by', '+375172579149'),
('Беларусь', 'г. Минск,  проспект Победителей, д.11 этаж 7, офис 702', 'Беларусь', 'belarus@izdatelstvo.by', '+375172038742'),
('Вышэйшая школа', 'г.Минск, ул. Коржа, 11а', 'Беларусь', 'sekretar@vshph.com', '+375172037008')


INSERT INTO shops(address, phone) VALUES
('г. Минск, пр-т. Победителей 3', '+375336952511'),
('г. Минск, пр. Независимости 92', '+375336952512'),
('г. Минск, пр. Независимости 39', '+375336952513'),
('г. Минск, ул. Сурганова 21', '+375336952514'),
('г. Минск, ул. В. Хоружей 17', '+375336952515'),
('г. Минск, ул. Могилёвская 5Б', '+375336952516'),
('г. Минск, пр-т. Дзержинского 122', '+375336952517'),
('г. Минск, пр-т. Партизанский 109', '+375336952518'),
('г. Минск, ул. Притыцкого 83', '+375336952519'),
('г. Минск, ул. Притыцкого 97', '+375336952520'),
('г. Минск, пр-т. Дзержинского 19', '+375336952521')


INSERT INTO positions(position_name) VALUES
('Продавец'),
('Менеджер'),
('Администратор'),
('Уборщик'),
('Бухгалтер'),
('Заведующий');


ALTER TABLE IF EXISTS public.logging
    ALTER COLUMN user_id SET NOT NULL;
	
INSERT INTO logging(log_message, user_id) VALUES
('Заказ книги "Десять негритят" Агата Кристи', 2),
('Отмена заказа книги "Война и мир"', 5),
('Поиск книги жанра "триллер"', 20),
('5 звёзд книге "Горе от ума"', 14),
('Заказ книги "Пассажиры" Джон Маррс', 8),
('Поиск книги жанра "ужасы"', 5);


INSERT INTO employees(user_id, birth_date, address, position_id, salary, shop_id) VALUES
(25, '1981-10-13', 'г.Минск, ул.Дзержинского 53, кв.23', 1, 1200, 1),
(26, '1982-4-22', 'г.Минск, ул. Ложинская 14, кв.6', 2, 1600, 2),
(27, '1983-7-7', 'г.Минск, ул.Речная 61, кв.39', 3, 1800, 3),
(28, '1984-2-9', 'г.Минск, ул.Городецкая 17, кв.73', 4, 900, 4),
(30, '1985-5-10', 'г.Минск, ул.Шугаева 12, кв.54', 5, 1550, 5),
(31, '1981-12-3', 'г.Минск, ул.Дзержинского 163, кв.72', 6, 2100, 6),
(32, '1982-11-8', 'г.Минск, ул.Дзержинского 115, кв.123', 1, 1250, 7),
(33, '1983-9-9', 'г.Минск, ул.Кедышко 7, кв.18', 1, 1300, 8),
(34, '1984-7-12', 'г.Минск, ул.Филимонова 69, кв.42', 2, 1200, 9),
(35, '1985-2-7', 'г.Минск, ул.Кутузова 25, кв.64', 1, 1100, 10),
(36, '1986-5-4', 'г.Минск, ул.Речная 6, кв.36', 4, 800, 11),
(37, '1981-7-8', 'г.Минск, ул.Ложинская 10, кв.15', 1, 1450, 1),
(38, '1982-10-13', 'г.Минск, ул.Псковская 8, кв.1', 2, 1200, 2);


INSERT INTO genres(genre) VALUES
('Триллер'),
('Ужасы'),
('Любовный роман'),
('Боевик'),
('Психология'),
('Наука'),
('Детектив');


INSERT INTO authors(user_id, author_alias) VALUES
(22, 'Быдло'),
(23, 'Серёга песенник'),
(24, 'Генерал поэтэсса');


INSERT INTO orders(create_date, deliver_date, customer_id) VALUES
('2022-10-25', '2022-10-27', 1),
('2022-11-06', '2022-11-07', 2),
('2022-03-10', '2022-03-11', 3),
('2022-04-11', '2022-04-11', 4),
('2022-06-04', '2022-06-09', 5),
('2022-02-02', '2022-02-04', 6),
('2022-10-23', '2022-10-26', 7),
('2022-03-25', '2022-03-26', 8),
('2022-07-08', '2022-07-09', 9),
('2022-09-23', '2022-09-25', 10),
('2022-07-07', '2022-07-09', 11),
('2022-03-08', '2022-03-11', 12),
('2022-04-06', '2022-04-13', 13),
('2022-08-12', '2022-08-15', 14),
('2022-10-11', '2022-10-12', 15),
('2022-10-11', '2022-10-15', 16),
('2022-06-21', '2022-06-22', 17),
('2022-06-03', '2022-06-05', 18),
('2022-02-18', '2022-02-20', 19),
('2022-02-24', '2022-02-25', 20),
('2022-11-07', '2022-11-10', 21),
('2022-06-23', '2022-06-29', 1),
('2022-02-28', '2022-03-01', 2),
('2022-09-22', '2022-09-24', 3),
('2022-02-16', '2022-02-16', 4),
('2022-10-11', '2022-10-18', 5),
('2022-09-05', '2022-09-09', 6),
('2022-01-18', '2022-01-20', 7),
('2022-08-01', '2022-08-3', 8),
('2022-11-13', '2022-11-13', 9);


INSERT INTO orders(create_date, customer_id) VALUES
('2022-11-11', 1),
('2022-11-15', 1),
('2022-11-11', 1),
('2022-11-12', 1),
('2022-11-15', 1),
('2022-11-12', 1),
('2022-11-14', 1),
('2022-11-15', 1),
('2022-11-12', 1),
('2022-11-11', 1),
('2022-11-15', 1),
('2022-11-15', 1),
('2022-11-13', 1),
('2022-11-15', 1),
('2022-11-14', 1),
('2022-11-14', 1),
('2022-11-14', 1),
('2022-11-13', 1),
('2022-11-12', 1);


TRUNCATE TABLE orders RESTART IDENTITY cascade
select * from orders
select * from customers
